{
  "mu": [
    0.12491878404734341,
    -1.9868855900592162,
    6.505436761293605,
    -15.376652034942275,
    4.7924646983767385,
    5.940717381283803,
    55.18969461511368,
    61.07017727381901
  ],
  "sigma": [
    10.94508350759298,
    11.3616657522926,
    13.107743096423045,
    11.438350931249579,
    12.09492020611957,
    14.113797418915771,
    6.354427883197827,
    11.072302864557113
  ],
  "W": [
    [
      -0.28549064485477094,
      -0.040984785745386325
    ],
    [
      -0.3063286553649262,
      0.26162481046617386
    ],
    [
      0.3148080849065026,
      -0.42907079493906675
    ],
    [
      -0.27044399458947255,
      0.12112193201229376
    ],
    [
      0.11254974041099589,
      -0.573307629752281
    ],
    [
      0.2983500685489193,
      0.6127984282765774
    ],
    [
      0.4539584459735075,
      0.065336346962582
    ],
    [
      0.5870734910812306,
      0.15042621492636307
    ]
  ]
}